{
    "Cactus": {
        "acqua": 76.1330388242206,
        "sole": 12.410514907101778,
        "fertilizzazione": 79.25656984199306,
        "umidità": 58.28734128063833,
        "resistenza": 58.684338817578855
    },
    "Gelsomino": {
        "acqua": 42.24037769093153,
        "sole": 96.05971348222062,
        "fertilizzazione": 21.847513872713787,
        "umidità": 29.593927929452622,
        "resistenza": 39.230531523400444
    },
    "Margherita": {
        "acqua": 8.598427828340293,
        "sole": 37.83561052365866,
        "fertilizzazione": 79.55235517475526,
        "umidità": 96.47575304353126,
        "resistenza": 71.18376603714293
    },
    "Pianta del caffè": {
        "acqua": 65.26882035532941,
        "sole": 54.384125832695126,
        "fertilizzazione": 95.92690213416887,
        "umidità": 56.45605410754172,
        "resistenza": 39.28140151907936
    },
    "Menta": {
        "acqua": 23.815897696223864,
        "sole": 3.2009423999858067,
        "fertilizzazione": 35.67362088853876,
        "umidità": 8.771979938188046,
        "resistenza": 26.54548654615725
    },
    "Pesco": {
        "acqua": 38.54957409849732,
        "sole": 37.20474218045875,
        "fertilizzazione": 87.15246362413048,
        "umidità": 28.02234998451777,
        "resistenza": 29.864672608574484
    },
    "Limone": {
        "acqua": 16.56075974389618,
        "sole": 2.596542852234618,
        "fertilizzazione": 70.8946477495349,
        "umidità": 14.411110600860312,
        "resistenza": 81.06671198631241
    },
    "Podocarpus": {
        "acqua": 61.23342505070236,
        "sole": 8.837103367161003,
        "fertilizzazione": 60.2115664273134,
        "umidità": 95.33588554819119,
        "resistenza": 25.651975599130584
    },
    "Ornitogallo": {
        "acqua": 52.25871199415767,
        "sole": 23.64606745149097,
        "fertilizzazione": 20.210032480225447,
        "umidità": 59.769573316583,
        "resistenza": 56.14094699454812
    },
    "Asterisco marittimo": {
        "acqua": 49.2111129930328,
        "sole": 91.90079940618745,
        "fertilizzazione": 86.43736366744537,
        "umidità": 9.339299063990914,
        "resistenza": 84.40927874839088
    }
}